Item_ID,Weight,Value
1,103,1142
2,436,1636
3,861,4001
4,271,1944
5,107,4775
6,72,3362
7,701,2981
8,21,7
9,615,3268
10,122,1592
11,467,4929
12,215,3265
13,331,2607
14,459,3220
15,88,3274
16,373,914
17,100,2012
18,872,1443
19,664,3055
20,131,3547
21,662,4222
22,309,4913
23,770,2929
24,344,1830
25,492,576
26,414,930
27,806,3760
28,386,3700
29,192,1464
30,956,3276
31,277,4929
32,161,1055
33,460,1901
34,314,1458
35,22,1400
36,253,3416
37,748,443
38,857,3651
39,561,4653
40,475,1179
41,59,4459
42,511,1258
43,682,3635
44,476,1842
45,700,2310
46,976,911
47,783,4341
48,190,4638
49,958,4010
50,687,2170
51,958,2173
52,563,124
53,876,3159
54,567,786
55,244,2417
56,832,797
57,505,4173
58,131,4155
59,485,1937
60,819,2157
61,647,3808
62,21,1302
63,841,4164
64,167,3141
65,274,3237
66,388,2353
67,601,1933
68,316,2722
69,14,365
70,242,4917
71,777,2391
72,346,947
73,565,1378
74,898,1440
75,340,3181
76,92,4858
77,367,341
78,956,2990
79,455,383
80,428,1557
81,509,300
82,776,139
83,943,359
84,35,4932
85,206,1523
86,81,3457
87,932,1628
88,562,1304
89,872,1135
90,388,2187
91,2,3171
92,390,3836
93,566,2152
94,106,1238
95,772,3736
96,822,2835
97,477,4261
98,703,999
99,402,2568
100,730,1308
101,556,657
102,162,2661
103,202,2212
104,958,1910
105,996,3731
106,270,2047
107,863,3163
108,816,1141
109,271,267
110,456,1846
111,462,1709
112,727,3631
113,252,3212
114,702,2294
115,296,3733
116,725,3830
117,720,1511
118,749,476
119,338,977
120,879,1208
121,53,1961
122,792,558
123,922,883
124,217,2195
125,764,4762
126,188,2668
127,380,4960
128,493,4678
129,41,4791
130,157,1611
131,15,3489
132,813,2455
133,65,4495
134,857,1947
135,839,4811
136,521,4800
137,344,2809
138,129,3826
139,648,3537
140,472,3803
141,63,4178
142,139,4700
143,499,1971
144,593,3823
145,392,2820
146,675,903
147,419,365
148,289,4259
149,379,3120
150,773,2559
151,490,1864
152,231,116
153,41,2385
154,28,4977
155,135,3936
156,201,4936
157,840,2491
158,780,943
159,930,1725
160,33,2335
161,48,2768
162,503,1138
163,407,2528
164,574,4118
165,728,3421
166,805,4779
167,99,3907
168,684,3638
169,872,2954
170,726,2368
171,987,4222
172,547,277
173,961,2000
174,739,1228
175,613,3753
176,943,3736
177,462,696
178,643,1310
179,769,4153
180,5,3235
181,218,4115
182,503,2312
183,767,2842
184,398,4209
185,871,3560
186,795,3399
187,393,542
188,207,2695
189,15,4675
190,858,1089
191,554,3364
192,892,25
193,461,1573
194,691,2959
195,575,4237
196,864,1768
197,743,4744
198,241,2236
199,564,201
200,96,3199
201,900,257
202,734,3748
203,485,4643
204,407,2242
205,231,3176
206,749,3607
207,655,3337
208,171,4898
209,541,414
210,36,2015
211,525,1382
212,160,1099
213,839,3427
214,699,3656
215,243,910
216,86,188
217,796,4045
218,578,3757
219,682,2016
220,557,2093
221,574,3645
222,953,2131
223,646,358
224,796,2423
225,28,4258
226,620,4546
227,556,1498
228,340,2159
229,798,2556
230,958,2343
231,331,2952
232,640,1239
233,506,974
234,348,4728
235,473,3966
236,231,1051
237,190,3702
238,225,2781
239,385,1589
240,377,3879
241,283,2369
242,958,437
243,633,2829
244,628,1557
245,973,3859
246,745,1305
247,259,2385
248,359,183
249,710,1590
250,456,1588
251,411,660
252,649,160
253,318,3954
254,677,1012
255,225,53
256,819,2308
257,234,1229
258,684,1036
259,664,3703
260,975,4046
261,827,4946
262,374,4450
263,672,1265
264,608,1885
265,472,1810
266,233,3168
267,692,3798
268,113,2342
269,830,3415
270,497,818
271,442,2438
272,564,889
273,268,668
274,510,4729
275,807,2625
276,386,4233
277,387,4524
278,113,819
279,613,2189
280,625,1107
281,952,2225
282,81,198
283,699,2672
284,113,3493
285,2,2449
286,642,471
287,220,1949
288,566,3900
289,855,2011
290,997,3801
291,736,4119
292,225,3797
293,385,3989
294,403,235
295,638,929
296,130,3608
297,53,523
298,684,3524
299,730,4527
300,672,4889
301,710,1630
302,416,4629
303,247,1317
304,836,2858
305,439,1125
306,203,2588
307,184,1024
308,123,1379
309,401,3375
310,767,1520
311,294,227
312,280,4969
313,837,892
314,884,4073
315,610,2258
316,198,2789
317,982,397
318,907,2079
319,511,4745
320,752,4425
321,144,3238
322,609,3894
323,201,2006
324,124,2017
325,187,3172
326,326,2669
327,464,1879
328,349,1197
329,771,1773
330,660,162
331,764,3977
332,955,1752
333,932,776
334,403,940
335,346,3221
336,963,540
337,511,4918
338,147,1462
339,148,356
340,864,3605
341,711,3324
342,820,235
343,489,1549
344,929,2097
345,936,4214
346,640,2102
347,551,1674
348,338,2101
349,872,3658
350,641,4654
351,779,3597
352,988,3749
353,953,3174
354,473,1816
355,946,3842
356,151,2006
357,415,4494
358,990,675
359,298,387
360,611,2159
361,263,2662
362,764,2065
363,144,3852
364,346,3254
365,624,4980
366,572,4637
367,881,4267
368,2,740
369,897,1402
370,304,3260
371,254,2278
372,652,3905
373,453,3924
374,37,4215
375,160,3228
376,9,2832
377,233,3759
378,99,2513
379,659,2152
380,816,3676
381,208,2746
382,131,3867
383,404,3765
384,152,2223
385,54,2793
386,120,1698
387,673,3463
388,920,4064
389,628,1525
390,587,4761
391,625,33
392,968,4026
393,420,2567
394,422,2804
395,104,3897
396,852,3710
397,254,720
398,227,4580
399,112,973
400,510,3719
401,473,4403
402,99,4553
403,153,2208
404,861,4427
405,914,4321
406,896,3031
407,878,3576
408,338,3117
409,706,3286
410,822,644
411,163,4712
412,720,195
413,957,3997
414,681,489
415,996,2205
416,161,2658
417,580,3277
418,801,1103
419,398,1242
420,277,516
421,816,393
422,916,631
423,504,3717
424,896,1848
425,392,2656
426,135,980
427,195,4530
428,401,3403
429,640,3872
430,33,278
431,688,233
432,460,1553
433,955,3271
434,883,2410
435,470,3513
436,375,26
437,22,461
438,750,3765
439,670,3432
440,38,3484
441,230,1995
442,365,491
443,563,1073
444,438,3174
445,776,216
446,283,1724
447,27,1593
448,226,2607
449,277,159
450,798,4782
451,609,3314
452,284,2842
453,879,1777
454,960,2053
455,481,2296
456,453,1697
457,829,2994
458,816,2470
459,659,1947
460,516,3810
461,547,2784
462,192,3645
463,49,2501
464,512,3646
465,17,2646
466,172,2350
467,220,1933
468,158,3295
469,477,1758
470,46,1117
471,373,2568
472,518,3500
473,99,493
474,892,3307
475,745,620
476,37,3233
477,280,3824
478,349,2381
479,497,1547
480,302,4959
481,181,3564
482,607,1606
483,99,3753
484,700,4676
485,993,1891
486,116,1276
487,191,2744
488,253,2494
489,981,357
490,928,870
491,983,886
492,161,2002
493,256,1284
494,323,620
495,128,883
496,18,797
497,793,3643
498,735,3426
499,566,1297
500,570,4715
501,323,245
502,872,2896
503,686,930
504,792,520
505,626,3213
506,288,2410
507,943,8
508,854,2526
509,663,3424
510,962,2020
511,639,4591
512,155,4283
513,490,3668
514,386,3672
515,986,2802
516,785,86
517,104,3116
518,929,4233
519,393,2469
520,811,3620
521,246,1637
522,176,3584
523,39,4010
524,477,3327
525,682,2219
526,759,2218
527,538,4968
528,867,2370
529,818,3639
530,921,2504
531,408,944
532,525,2838
533,828,2661
534,506,2937
535,903,4445
536,825,3948
537,36,1677
538,685,1197
539,20,4106
540,321,2788
541,776,1462
542,512,3319
543,400,667
544,654,2177
545,972,3744
546,883,601
547,471,2653
548,143,4423
549,92,3825
550,354,3907
551,834,980
552,800,2452
553,727,629
554,959,1630
555,854,3697
556,51,3431
557,665,3675
558,698,3930
559,575,2766
560,190,4370
561,125,4781
562,150,116
563,314,4957
564,570,2004
565,342,693
566,305,3163
567,692,1106
568,682,3009
569,838,2162
570,783,154
571,54,3700
572,444,4411
573,613,3787
574,993,1065
575,264,4201
576,53,1914
577,572,1217
578,620,2402
579,5,1773
580,103,1961
581,196,2781
582,774,4805
583,877,4747
584,992,2872
585,884,661
586,350,2636
587,47,2330
588,867,3955
589,823,2451
590,936,1133
591,820,700
592,656,2039
593,269,4648
594,370,4501
595,636,4558
596,106,2180
597,670,2839
598,659,874
599,657,84
600,120,1423
601,831,2676
602,787,3181
603,604,4317
604,58,3976
605,951,1392
606,346,3219
607,741,4208
608,474,615
609,117,2972
610,830,3566
611,791,3577
612,127,4571
613,393,271
614,908,4067
615,641,2469
616,58,1391
617,634,3355
618,513,4136
619,751,3608
620,802,2584
621,96,4074
622,638,3076
623,118,3907
624,560,290
625,601,2481
626,488,3253
627,237,279
628,885,2925
629,897,581
630,272,4959
631,189,254
632,999,4277
633,704,4777
634,447,825
635,581,3833
636,790,700
637,861,1381
638,247,3897
639,963,1674
640,76,2728
641,154,3157
642,656,3389
643,435,4308
644,997,384
645,86,342
646,697,1988
647,285,4060
648,974,4940
649,220,3110
650,69,4083
651,47,4516
652,94,2799
653,750,3241
654,958,1989
655,453,3415
656,204,1850
657,912,306
658,218,3614
659,474,2750
660,432,4965
661,341,1136
662,551,206
663,612,4592
664,289,3451
665,254,3812
666,734,3623
667,357,3600
668,23,2552
669,762,4309
670,522,310
671,758,2709
672,837,1992
673,100,272
674,802,3643
675,180,4087
676,223,1823
677,906,3274
678,762,4539
679,659,4350
680,442,521
681,608,977
682,769,3723
683,325,3552
684,516,4106
685,16,2774
686,792,2553
687,336,2833
688,759,3908
689,258,153
690,497,2965
691,988,2917
692,896,2801
693,160,1753
694,475,2611
695,852,3876
696,664,1105
697,908,2537
698,690,4991
699,675,4200
700,380,3855
701,545,3495
702,929,1915
703,957,3073
704,691,1007
705,427,407
706,613,167
707,268,509
708,835,1662
709,577,3665
710,417,3490
711,168,4859
712,842,681
713,43,2525
714,556,2121
715,285,4678
716,397,4358
717,12,1364
718,607,1332
719,302,2293
720,898,1539
721,253,3409
722,499,561
723,754,1100
724,35,1904
725,727,175
726,849,2157
727,90,2231
728,776,4288
729,605,4161
730,922,3921
731,970,1498
732,602,3855
733,418,3172
734,115,1568
735,617,1152
736,903,369
737,196,4947
738,826,43
739,501,1908
740,626,3491
741,493,2536
742,75,4174
743,413,2874
744,376,1825
745,420,1294
746,729,4770
747,277,4797
748,761,4855
749,676,3387
750,394,2973
751,869,3923
752,457,4998
753,920,993
754,192,2387
755,739,2241
756,689,1477
757,99,3408
758,548,390
759,978,1000
760,999,4621
761,96,1856
762,664,659
763,663,2764
764,190,3664
765,736,4987
766,37,1482
767,780,3732
768,369,452
769,695,2476
770,525,3223
771,279,1538
772,217,3094
773,867,883
774,873,4409
775,798,4069
776,273,4936
777,881,2567
778,62,3278
779,596,375
780,880,4547
781,729,3698
782,342,3063
783,397,4691
784,699,3251
785,19,4596
786,177,4560
787,612,113
788,396,3198
789,445,2379
790,233,1925
791,915,140
792,76,1425
793,265,2950
794,455,3169
795,796,517
796,718,2617
797,735,888
798,384,3105
799,564,50
800,851,3952
801,506,3561
802,367,19
803,144,4822
804,885,1474
805,69,4062
806,99,2607
807,396,452
808,25,3766
809,948,2439
810,891,4311
811,469,1550
812,484,3475
813,565,128
814,151,4856
815,144,2762
816,569,4457
817,39,4665
818,109,1416
819,693,202
820,42,2370
821,186,518
822,935,1342
823,398,4777
824,223,1989
825,634,3546
826,133,4521
827,163,3803
828,215,3276
829,733,3655
830,235,2435
831,843,4874
832,658,208
833,751,2634
834,588,4118
835,9,154
836,74,3367
837,954,4315
838,492,4765
839,913,1519
840,253,2601
841,230,2196
842,519,4499
843,174,4692
844,653,3555
845,168,2415
846,170,2850
847,393,1743
848,946,1307
849,795,3850
850,634,4169
851,194,4577
852,517,4656
853,29,4841
854,165,4196
855,422,2556
856,339,2306
857,648,4509
858,496,1089
859,365,2643
860,833,1178
861,342,4917
862,500,4758
863,657,2995
864,511,560
865,327,2965
866,217,1272
867,301,1814
868,132,2916
869,804,610
870,70,2462
871,252,4121
872,415,284
873,787,2929
874,445,4397
875,876,1092
876,182,817
877,167,83
878,91,1921
879,714,3492
880,858,3145
881,531,2094
882,39,4714
883,126,176
884,451,2705
885,173,4938
886,653,370
887,754,1819
888,220,2102
889,638,4786
890,58,3491
891,660,1780
892,476,1365
893,456,4463
894,829,3343
895,895,4740
896,361,3677
897,935,2427
898,1,73
899,387,2963
900,973,860
901,348,3857
902,190,4139
903,505,2425
904,191,1065
905,508,2218
906,369,4018
907,409,2260
908,824,3752
909,929,2087
910,934,369
911,117,2805
912,134,151
913,58,1135
914,556,2785
915,685,4165
916,672,2347
917,173,4898
918,829,2251
919,815,61
920,149,3011
921,80,3902
922,886,1338
923,213,1185
924,203,4427
925,764,1552
926,229,4434
927,676,1630
928,227,1328
929,659,1527
930,532,1674
931,441,1362
932,402,1574
933,47,2687
934,233,4371
935,305,2367
936,526,3758
937,143,2435
938,415,1994
939,513,870
940,373,1015
941,566,1912
942,886,603
943,259,3822
944,656,691
945,471,494
946,953,490
947,971,2557
948,12,4486
949,330,295
950,736,4028
951,784,2844
952,968,2913
953,358,1718
954,972,2597
955,408,4745
956,668,1874
957,373,4664
958,8,3259
959,122,2818
960,348,445
961,676,3642
962,90,4459
963,648,742
964,698,2042
965,316,680
966,178,2468
967,540,3698
968,732,1359
969,869,63
970,41,2560
971,740,3770
972,704,4352
973,923,135
974,502,3645
975,959,4971
976,145,4918
977,201,2136
978,929,3279
979,724,823
980,461,3075
981,732,2982
982,752,121
983,925,1638
984,909,925
985,558,645
986,547,2033
987,253,2762
988,390,2069
989,594,242
990,883,2669
991,256,803
992,709,4165
993,815,196
994,921,2188
995,450,3516
996,10,2331
997,824,2360
998,798,4842
999,242,3607
1000,251,277
1001,877,61
1002,5,3391
1003,119,1914
1004,801,3928
1005,374,2592
1006,65,567
1007,146,3936
1008,224,1572
1009,239,4718
1010,177,1201
1011,779,4410
1012,853,2855
1013,282,2896
1014,63,1237
1015,217,137
1016,854,1030
1017,827,2157
1018,795,2595
1019,689,662
1020,461,2473
1021,929,2678
1022,610,2309
1023,105,87
1024,99,2513
1025,511,2943
1026,385,2774
1027,405,2505
1028,823,3311
1029,518,1701
1030,476,3671
1031,977,2701
1032,709,3630
1033,863,4591
1034,645,1648
1035,870,3319
1036,771,3688
1037,437,597
1038,23,4546
1039,997,485
1040,565,646
1041,677,3090
1042,714,4758
1043,458,4854
1044,83,4385
1045,145,721
1046,85,4734
1047,78,499
1048,457,4730
1049,878,1674
1050,1,3068
1051,51,115
1052,685,2980
1053,717,4770
1054,772,1737
1055,446,3612
1056,449,2254
1057,881,2295
1058,488,3631
1059,800,147
1060,34,3983
1061,348,3454
1062,95,4508
1063,72,2411
1064,551,137
1065,154,3361
1066,250,3006
1067,674,3553
1068,438,19
1069,118,2243
1070,771,449
1071,891,1949
1072,306,946
1073,268,4237
1074,961,1921
1075,54,2978
1076,236,4189
1077,389,4016
1078,990,239
1079,734,205
1080,763,2608
1081,825,4341
1082,401,4928
1083,624,3389
1084,767,2973
1085,303,4391
1086,919,2688
1087,207,4952
1088,229,4167
1089,853,1349
1090,910,4401
1091,578,817
1092,75,821
1093,435,193
1094,103,1777
1095,422,3646
1096,704,4625
1097,764,251
1098,738,1789
1099,806,3701
1100,306,2464
1101,98,1168
1102,850,3894
1103,798,1097
1104,335,2680
1105,859,1848
1106,435,3905
1107,447,505
1108,994,1622
1109,308,2473
1110,249,2547
1111,166,1388
1112,481,2995
1113,984,3817
1114,335,718
1115,542,3485
1116,759,4435
1117,106,659
1118,563,4009
1119,81,4525
1120,133,4995
1121,797,4235
1122,900,3765
1123,138,2990
1124,184,4638
1125,401,2105
1126,330,1256
1127,785,2483
1128,508,384
1129,852,2608
1130,984,194
1131,69,3808
1132,546,3720
1133,774,2582
1134,53,2566
1135,450,2764
1136,205,2799
1137,126,2340
1138,747,3407
1139,43,732
1140,752,2873
1141,971,3121
1142,883,4781
1143,111,4178
1144,761,2605
1145,663,2383
1146,183,532
1147,848,4317
1148,95,635
1149,971,1770
1150,374,3805
1151,912,2371
1152,520,3
1153,900,206
1154,360,4136
1155,900,2622
1156,696,4740
1157,281,2891
1158,195,3194
1159,864,2667
1160,195,3307
1161,667,898
1162,93,1086
1163,672,1280
1164,946,671
1165,61,1506
1166,634,3576
1167,51,4815
1168,403,1956
1169,789,250
1170,5,1893
1171,466,3440
1172,604,1854
1173,682,2855
1174,829,1504
1175,534,3386
1176,405,3572
1177,838,3793
1178,513,3427
1179,645,44
1180,233,3613
1181,524,2619
1182,346,4679
1183,46,3164
1184,546,1289
1185,945,2943
1186,78,220
1187,730,1926
1188,813,2973
1189,923,3514
1190,73,2449
1191,794,3472
1192,249,2775
1193,47,991
1194,121,2947
1195,214,1813
1196,239,4954
1197,56,804
1198,350,490
1199,107,3557
1200,831,1494
1201,48,3646
1202,573,2892
1203,337,1706
1204,26,3517
1205,804,3341
1206,257,54
1207,8,2576
1208,625,3592
1209,867,616
1210,253,955
1211,692,2434
1212,719,1630
1213,303,2782
1214,639,650
1215,56,2348
1216,726,4491
1217,526,3279
1218,474,2641
1219,28,3802
1220,983,2562
1221,78,3250
1222,216,371
1223,386,858
1224,365,4887
1225,666,4754
1226,526,384
1227,699,3878
1228,312,2553
1229,883,4335
1230,7,4291
1231,3,2726
1232,623,4035
1233,919,3294
1234,750,4252
1235,363,3989
1236,751,923
1237,508,2916
1238,274,2951
1239,506,3047
1240,806,975
1241,739,1231
1242,883,2436
1243,15,1815
1244,192,2935
1245,985,4934
1246,631,1364
1247,485,3941
1248,28,204
1249,714,161
1250,39,4488
1251,953,769
1252,273,3749
1253,231,2582
1254,86,1094
1255,474,4501
1256,126,608
1257,812,1541
1258,537,2876
1259,145,3192
1260,525,1838
1261,212,690
1262,25,3760
1263,580,2950
1264,394,2104
1265,67,366
1266,233,3576
1267,109,4551
1268,146,4200
1269,111,4173
1270,228,4326
1271,111,2379
1272,470,1206
1273,34,4989
1274,623,3840
1275,776,2736
1276,936,3348
1277,369,1676
1278,748,299
1279,595,957
1280,554,1115
1281,425,2506
1282,613,1475
1283,518,4461
1284,692,4447
1285,282,3727
1286,320,3472
1287,738,2829
1288,443,2851
1289,952,2507
1290,315,3771
1291,877,2965
1292,966,4595
1293,741,950
1294,377,4604
1295,289,2851
1296,437,166
1297,662,3487
1298,277,2510
1299,710,920
1300,582,114
1301,503,3505
1302,624,992
1303,516,3840
1304,350,1259
1305,843,3427
1306,446,515
1307,830,4805
1308,350,3197
1309,607,4435
1310,664,2585
1311,823,68
1312,137,1597
1313,759,4479
1314,899,19
1315,243,2731
1316,543,3522
1317,40,573
1318,229,2259
1319,548,2903
1320,920,651
1321,223,2588
1322,6,3263
1323,322,1339
1324,468,4997
1325,732,3635
1326,75,2828
1327,4,2218
1328,847,3540
1329,646,1038
1330,118,4384
1331,881,3979
1332,606,2962
1333,504,3227
1334,998,1099
1335,947,2325
1336,574,940
1337,441,3717
1338,194,3415
1339,847,1449
1340,715,571
1341,392,2905
1342,26,2506
1343,435,918
1344,173,1875
1345,300,4929
1346,645,1679
1347,326,616
1348,410,4502
1349,118,1750
1350,836,3826
1351,787,4189
1352,724,2478
1353,225,4750
1354,532,3506
1355,113,3476
1356,140,4530
1357,559,1136
1358,1,4001
1359,90,375
1360,654,207
1361,320,4876
1362,550,1320
1363,805,1142
1364,894,4628
1365,139,2691
1366,511,3256
1367,868,90
1368,845,4109
1369,259,3021
1370,673,1858
1371,902,805
1372,690,945
1373,10,2790
1374,261,3876
1375,919,1611
1376,650,2924
1377,172,3883
1378,898,3222
1379,13,4392
1380,168,4736
1381,642,2388
1382,596,4724
1383,321,942
1384,319,4926
1385,613,2567
1386,329,976
1387,785,955
1388,777,1263
1389,971,944
1390,911,2203
1391,920,3328
1392,550,4275
1393,419,2260
1394,606,1829
1395,95,1258
1396,817,465
1397,581,3295
1398,318,1231
1399,956,2655
1400,236,885
1401,946,3806
1402,334,3857
1403,885,3136
1404,376,925
1405,459,4590
1406,137,1547
1407,930,1095
1408,588,2412
1409,995,2618
1410,547,763
1411,513,2324
1412,296,4146
1413,320,2776
1414,918,4660
1415,572,4879
1416,832,3156
1417,349,3971
1418,840,2041
1419,779,584
1420,873,4332
1421,229,2104
1422,270,1943
1423,828,4456
1424,798,110
1425,291,192
1426,725,904
1427,165,862
1428,5,1084
1429,851,650
1430,379,4135
1431,78,3612
1432,410,637
1433,574,1037
1434,132,4132
1435,601,2149
1436,749,3866
1437,42,3158
1438,89,3588
1439,402,3295
1440,296,4262
1441,840,2431
1442,295,1880
1443,616,3967
1444,526,3714
1445,800,4127
1446,691,4107
1447,637,2012
1448,422,3374
1449,865,2144
1450,23,2501
1451,575,4582
1452,143,1290
1453,993,1448
1454,665,3200
1455,145,1944
1456,225,3184
1457,503,3217
1458,962,3137
1459,974,3319
1460,821,2783
1461,616,991
1462,104,4921
1463,947,2154
1464,39,226
1465,947,777
1466,198,2838
1467,646,688
1468,579,530
1469,391,3443
1470,179,2154
1471,968,1295
1472,554,1527
1473,448,4775
1474,500,2897
1475,15,3104
1476,623,2441
1477,669,4136
1478,289,3803
1479,478,845
1480,231,447
1481,923,3916
1482,420,3110
1483,157,1235
1484,550,227
1485,441,4144
1486,97,2960
1487,997,1831
1488,411,3780
1489,951,187
1490,289,2878
1491,254,2536
1492,196,1933
1493,598,2925
1494,834,849
1495,522,2033
1496,517,1253
1497,635,1882
1498,842,270
1499,865,1631
1500,118,4406
1501,806,3204
1502,909,1575
1503,159,2893
1504,815,1696
1505,228,3259
1506,877,3263
1507,216,1446
1508,948,220
1509,696,53
1510,15,1758
1511,157,1667
1512,648,2786
1513,261,720
1514,157,406
1515,47,2295
1516,324,72
1517,844,2054
1518,685,1230
1519,130,1568
1520,411,3683
1521,95,2954
1522,627,4483
1523,755,699
1524,932,827
1525,292,349
1526,794,3909
1527,811,308
1528,283,3417
1529,69,2335
1530,660,4862
1531,11,4821
1532,254,2810
1533,842,3559
1534,872,4479
1535,550,3478
1536,134,4621
1537,712,2687
1538,23,2986
1539,815,276
1540,346,2548
1541,302,2765
1542,363,337
1543,396,1974
1544,218,2980
1545,141,4577
1546,616,3969
1547,958,911
1548,210,1997
1549,985,3130
1550,993,4205
1551,623,3758
1552,616,328
1553,828,1800
1554,683,315
1555,460,3546
1556,356,1135
1557,324,2747
1558,133,4877
1559,888,1521
1560,805,156
1561,840,1725
1562,127,3344
1563,106,887
1564,604,3074
1565,799,2806
1566,378,722
1567,905,913
1568,51,3358
1569,29,871
1570,462,4109
1571,296,498
1572,297,1757
1573,726,1118
1574,779,3410
1575,407,2829
1576,769,1648
1577,814,2984
1578,613,143
1579,405,2762
1580,346,3436
1581,622,4661
1582,420,2432
1583,182,4513
1584,983,1849
1585,825,2697
1586,1,1718
1587,831,3073
1588,950,1068
1589,567,2787
1590,371,3792
1591,936,1289
1592,911,3872
1593,661,1807
1594,431,1505
1595,969,3309
1596,309,2952
1597,137,72
1598,202,1691
1599,436,1345
1600,313,3304
1601,117,3114
1602,666,883
1603,937,4235
1604,803,2663
1605,575,1505
1606,244,2464
1607,537,2554
1608,602,733
1609,75,1749
1610,806,3925
1611,386,424
1612,903,3479
1613,210,1592
1614,475,4486
1615,418,4438
1616,347,4710
1617,529,493
1618,640,192
1619,939,499
1620,955,4918
1621,876,1257
1622,763,1969
1623,179,4323
1624,182,2187
1625,664,817
1626,25,3221
1627,967,1474
1628,180,1087
1629,710,4200
1630,501,1875
1631,856,871
1632,161,4764
1633,177,2043
1634,285,273
1635,63,1030
1636,662,3219
1637,666,4070
1638,156,1052
1639,882,4034
1640,469,1574
1641,49,3191
1642,967,4389
1643,849,3798
1644,84,3290
1645,361,3748
1646,689,2106
1647,148,308
1648,630,3360
1649,342,3177
1650,476,1252
1651,63,2748
1652,701,1518
1653,360,1379
1654,561,4892
1655,327,4993
1656,769,1962
1657,736,4306
1658,141,2864
1659,990,2657
1660,215,2495
1661,435,4568
1662,891,4006
1663,952,3564
1664,723,923
1665,318,4233
1666,32,4463
1667,670,2960
1668,285,184
1669,305,3359
1670,429,1399
1671,477,2797
1672,286,537
1673,144,1274
1674,424,2968
1675,19,3050
1676,18,1097
1677,769,1306
1678,590,916
1679,371,3082
1680,175,4248
1681,194,1029
1682,502,1978
1683,988,3355
1684,113,2512
1685,114,271
1686,222,1187
1687,678,4556
1688,947,4201
1689,831,3765
1690,644,2399
1691,897,4530
1692,264,4236
1693,925,4183
1694,55,1712
1695,871,2231
1696,643,129
1697,800,1270
1698,778,3673
1699,458,1602
1700,979,4766
1701,878,3971
1702,162,4245
1703,380,4948
1704,993,628
1705,87,3798
1706,55,2045
1707,476,3553
1708,800,4980
1709,178,2342
1710,391,3215
1711,349,250
1712,8,2926
1713,833,975
1714,313,1326
1715,759,984
1716,835,889
1717,984,2938
1718,983,2118
1719,443,2673
1720,767,4971
1721,328,1327
1722,54,471
1723,761,1988
1724,239,91
1725,229,530
1726,579,4757
1727,51,4060
1728,609,4835
1729,604,2774
1730,264,4968
1731,418,1687
1732,803,192
1733,96,1987
1734,88,3624
1735,78,2186
1736,288,4441
1737,120,1009
1738,814,3784
1739,491,4299
1740,912,4669
1741,452,4288
1742,500,2053
1743,165,3309
1744,182,1717
1745,469,311
1746,910,4539
1747,735,1261
1748,823,4966
1749,944,3933
1750,978,3269
1751,7,585
1752,330,2800
1753,775,360
1754,673,2867
1755,151,2012
1756,85,4940
1757,147,4007
1758,624,1626
1759,381,2765
1760,915,891
1761,548,732
1762,285,3962
1763,700,4702
1764,82,2505
1765,514,615
1766,897,3807
1767,815,1720
1768,709,4770
1769,916,1588
1770,523,1612
1771,746,897
1772,386,278
1773,707,4648
1774,471,1637
1775,119,2159
1776,396,2433
1777,532,3905
1778,261,4857
1779,805,3263
1780,934,1450
1781,256,4501
1782,734,1233
1783,905,4118
1784,226,678
1785,53,2659
1786,940,2029
1787,867,3759
1788,500,4625
1789,506,2038
1790,854,2650
1791,364,657
1792,280,166
1793,593,4945
1794,714,4592
1795,158,590
1796,632,4525
1797,59,2822
1798,727,4259
1799,128,1263
1800,736,72
1801,721,3517
1802,882,4751
1803,115,3581
1804,209,269
1805,526,1777
1806,521,2463
1807,552,1269
1808,962,1016
1809,237,2723
1810,281,1084
1811,359,4102
1812,201,407
1813,758,3077
1814,278,986
1815,235,3604
1816,494,4486
1817,4,710
1818,666,2619
1819,442,4850
1820,29,1412
1821,109,4622
1822,610,1486
1823,727,2951
1824,805,4652
1825,75,2935
1826,838,4115
1827,146,4671
1828,128,1004
1829,853,2467
1830,42,2467
1831,356,1939
1832,41,1940
1833,934,1636
1834,34,1699
1835,17,4528
1836,677,2092
1837,153,1896
1838,998,4241
1839,378,3399
1840,588,1074
1841,599,2403
1842,629,4896
1843,874,3213
1844,342,4038
1845,981,1152
1846,27,2446
1847,825,1957
1848,287,4559
1849,646,3908
1850,731,808
1851,168,187
1852,610,4828
1853,268,4525
1854,749,1308
1855,821,2285
1856,455,4867
1857,906,758
1858,685,4232
1859,401,4888
1860,922,3855
1861,981,4267
1862,476,2207
1863,702,3559
1864,634,1581
1865,558,962
1866,576,3848
1867,130,3576
1868,822,876
1869,363,2419
1870,705,4199
1871,819,1002
1872,693,3385
1873,292,4067
1874,371,2846
1875,794,1482
1876,29,3302
1877,149,658
1878,779,2781
1879,296,423
1880,11,3682
1881,512,4267
1882,676,2711
1883,113,453
1884,187,2398
1885,807,1976
1886,744,1658
1887,227,2542
1888,310,3076
1889,98,3165
1890,55,2967
1891,623,2054
1892,664,288
1893,758,3218
1894,406,3855
1895,69,1448
1896,312,608
1897,289,4553
1898,762,1765
1899,548,1226
1900,751,1236
1901,148,1030
1902,467,2672
1903,739,3963
1904,244,4543
1905,491,4931
1906,849,3178
1907,958,3723
1908,507,4907
1909,365,1476
1910,482,2897
1911,201,809
1912,154,979
1913,450,2464
1914,501,726
1915,73,2502
1916,713,3363
1917,296,1217
1918,17,4052
1919,641,2198
1920,217,2807
1921,61,779
1922,939,973
1923,616,2811
1924,42,2124
1925,25,599
1926,39,3342
1927,803,225
1928,131,841
1929,498,1815
1930,229,4810
1931,108,1107
1932,172,125
1933,435,3247
1934,478,2932
1935,102,4126
1936,866,2972
1937,524,2018
1938,275,2416
1939,613,4591
1940,44,3097
1941,955,1610
1942,817,718
1943,957,3562
1944,17,1017
1945,330,3566
1946,569,4702
1947,823,4471
1948,497,1961
1949,815,1049
1950,12,1358
1951,318,3427
1952,592,116
1953,216,2096
1954,339,1802
1955,776,2147
1956,991,1621
1957,661,4781
1958,81,2951
1959,727,3793
1960,485,2942
1961,374,4906
1962,976,978
1963,710,3067
1964,200,784
1965,537,241
1966,466,1554
1967,89,4579
1968,268,1013
1969,655,187
1970,571,1882
1971,922,4587
1972,489,431
1973,877,239
1974,538,2346
1975,47,76
1976,288,1357
1977,778,4923
1978,16,2331
1979,711,4687
1980,401,1903
1981,919,4014
1982,794,4671
1983,981,4988
1984,86,2060
1985,250,141
1986,391,1790
1987,782,3627
1988,335,17
1989,629,4349
1990,519,465
1991,137,4472
1992,883,1828
1993,688,3029
1994,840,520
1995,498,90
1996,827,4816
1997,727,2852
1998,477,2844
1999,594,4726
2000,223,1885
2001,990,4172
2002,372,926
2003,935,3735
2004,995,970
2005,402,1095
2006,443,3196
2007,490,1405
2008,615,3365
2009,273,4291
2010,526,3983
2011,159,4324
2012,152,4014
2013,995,4557
2014,620,4714
2015,188,3093
2016,813,4160
2017,98,2075
2018,131,285
2019,805,4934
2020,171,4927
2021,936,1188
2022,986,3970
2023,183,2966
2024,983,4320
2025,364,784
2026,39,950
2027,527,3940
2028,888,45
2029,497,1811
2030,516,4567
2031,349,2082
2032,982,3499
2033,921,830
2034,397,1910
2035,722,2582
2036,161,692
2037,16,4020
2038,493,932
2039,426,4937
2040,108,3407
2041,894,148
2042,450,1033
2043,311,1312
2044,739,388
2045,170,3122
2046,546,1874
2047,414,3589
2048,251,916
2049,759,1879
2050,781,3749
2051,141,278
2052,274,1978
2053,416,1860
2054,608,3037
2055,739,3372
2056,891,4714
2057,39,2183
2058,814,4676
2059,29,1171
2060,958,490
2061,477,2526
2062,318,1183
2063,245,4480
2064,748,4259
2065,697,2489
2066,272,1877
2067,440,2463
2068,748,1631
2069,239,288
2070,377,4283
2071,266,1908
2072,926,1162
2073,921,130
2074,359,2364
2075,340,144
2076,389,16
2077,577,245
2078,990,927
2079,689,3179
2080,3,2177
2081,429,887
2082,142,341
2083,376,2052
2084,670,3399
2085,324,3951
2086,146,306
2087,958,908
2088,293,2655
2089,665,3793
2090,432,4043
2091,705,1372
2092,949,321
2093,975,4655
2094,585,4060
2095,399,1132
2096,817,2579
2097,889,4043
2098,344,3368
2099,964,818
2100,140,12
2101,187,195
2102,805,2538
2103,61,2843
2104,997,2230
2105,939,3010
2106,380,4752
2107,710,2078
2108,807,3868
2109,440,4874
2110,319,444
2111,302,298
2112,344,4904
2113,11,845
2114,62,1016
2115,845,1385
2116,226,1398
2117,153,554
2118,711,2351
2119,564,4517
2120,772,1270
2121,571,1261
2122,584,185
2123,660,4564
2124,861,2411
2125,575,4432
2126,310,2210
2127,885,3673
2128,243,4684
2129,493,1882
2130,366,4297
2131,330,522
2132,107,1888
2133,226,2553
2134,825,3810
2135,218,4884
2136,937,4156
2137,753,4674
2138,506,4417
2139,259,3480
2140,888,1410
2141,774,1695
2142,517,4665
2143,773,527
2144,54,2661
2145,47,2173
2146,727,4967
2147,689,280
2148,521,2965
2149,99,3978
2150,20,2670
2151,890,2894
2152,753,1752
2153,573,3982
2154,891,4770
2155,490,2362
2156,419,4428
2157,690,4132
2158,850,1709
2159,62,2687
2160,145,2896
2161,216,4536
2162,3,2777
2163,160,1120
2164,739,2989
2165,998,4260
2166,781,4244
2167,120,195
2168,893,663
2169,89,480
2170,329,4219
2171,580,1424
2172,910,2709
2173,357,3176
2174,610,3815
2175,267,2015
2176,617,3790
2177,952,4806
2178,323,2444
2179,635,912
2180,988,3214
2181,541,2365
2182,649,3630
2183,195,3473
2184,921,681
2185,738,4652
2186,332,610
2187,170,2157
2188,521,3867
2189,463,372
2190,40,616
2191,537,2254
2192,261,4943
2193,395,4139
2194,955,865
2195,226,1269
2196,984,785
2197,124,4572
2198,975,4179
2199,38,2238
2200,328,4055
2201,251,4896
2202,901,936
2203,176,3981
2204,602,2339
2205,914,326
2206,454,1535
2207,37,3481
2208,316,3862
2209,688,1986
2210,973,4933
2211,796,4604
2212,965,2779
2213,973,1271
2214,593,641
2215,114,4704
2216,40,4079
2217,301,4662
2218,224,1368
2219,318,4043
2220,349,2576
2221,115,3604
2222,698,1582
2223,323,1987
2224,568,2241
2225,40,3967
2226,866,2106
2227,40,129
2228,859,4802
2229,973,3997
2230,749,852
2231,289,4104
2232,262,2077
2233,216,2995
2234,147,3745
2235,336,2757
2236,168,1645
2237,92,4372
2238,353,3145
2239,571,243
2240,571,4086
2241,816,171
2242,681,653
2243,781,3513
2244,363,1500
2245,557,2100
2246,345,2159
2247,693,1973
2248,170,3926
2249,356,2259
2250,191,4040
2251,667,2036
2252,422,3272
2253,700,858
2254,7,3824
2255,133,1050
2256,747,3991
2257,557,299
2258,826,924
2259,761,4233
2260,31,4307
2261,535,2800
2262,426,4876
2263,394,4063
2264,672,4046
2265,363,1803
2266,437,2714
2267,670,4507
2268,551,2854
2269,927,2658
2270,82,4523
2271,356,3347
2272,258,1472
2273,718,2950
2274,589,942
2275,989,1908
2276,524,4838
2277,295,1244
2278,962,4424
2279,224,1467
2280,525,3958
2281,46,1967
2282,667,376
2283,113,263
2284,233,4363
2285,17,3389
2286,360,3396
2287,223,1945
2288,866,1894
2289,700,3635
2290,448,1653
2291,856,4142
2292,365,3893
2293,675,600
2294,326,4816
2295,467,1913
2296,414,1293
2297,455,601
2298,586,381
2299,233,4214
2300,224,3638
2301,994,2164
2302,831,4356
2303,412,1099
2304,572,366
2305,335,2571
2306,222,3420
2307,37,2477
2308,989,791
2309,278,3570
2310,196,747
2311,916,313
2312,864,4634
2313,484,921
2314,242,1078
2315,324,2830
2316,731,2382
2317,192,3619
2318,17,798
2319,524,4444
2320,918,273
2321,401,3011
2322,906,4816
2323,886,1774
2324,705,2548
2325,22,3165
2326,474,4781
2327,120,4718
2328,210,947
2329,306,2666
2330,270,507
2331,704,244
2332,687,506
2333,285,4518
2334,716,3159
2335,676,3591
2336,763,1873
2337,227,3794
2338,948,1193
2339,381,4426
2340,460,4746
2341,7,1465
2342,29,391
2343,907,4477
2344,33,3378
2345,646,4838
2346,879,4916
2347,79,673
2348,928,2561
2349,947,1212
2350,459,930
2351,570,1540
2352,983,913
2353,538,644
2354,482,4523
2355,430,502
2356,738,730
2357,285,1284
2358,516,2119
2359,977,4553
2360,99,4387
2361,397,3837
2362,489,920
2363,39,4051
2364,271,2340
2365,887,756
2366,797,1870
2367,157,4473
2368,75,508
2369,884,1437
2370,800,2576
2371,130,3427
2372,687,559
2373,974,3103
2374,84,4517
2375,22,3623
2376,459,4400
2377,539,4058
2378,707,3716
2379,849,1302
2380,382,2156
2381,748,693
2382,440,4351
2383,604,1479
2384,989,257
2385,21,2431
2386,303,442
2387,976,1882
2388,869,2647
2389,955,3821
2390,84,4678
2391,774,1736
2392,659,3736
2393,953,2646
2394,453,19
2395,387,1125
2396,507,3986
2397,257,2655
2398,570,2081
2399,892,1548
2400,934,862
2401,527,155
2402,162,3495
2403,957,905
2404,163,1270
2405,832,405
2406,793,844
2407,792,1783
2408,524,1565
2409,786,1185
2410,271,747
2411,492,1726
2412,208,3189
2413,539,271
2414,584,4866
2415,60,3957
2416,430,172
2417,985,274
2418,657,2307
2419,605,1159
2420,309,1707
2421,520,1772
2422,591,422
2423,27,1210
2424,686,4676
2425,562,891
2426,199,4818
2427,387,3268
2428,349,4977
2429,960,1474
2430,940,3244
2431,693,4479
2432,536,2182
2433,828,1450
2434,378,3097
2435,899,3257
2436,916,3157
2437,558,1591
2438,527,4240
2439,153,3982
2440,734,1436
2441,206,224
2442,455,220
2443,273,4275
2444,894,1655
2445,236,4529
2446,852,265
2447,740,954
2448,521,4525
2449,678,3734
2450,944,2775
2451,956,3125
2452,831,480
2453,726,3515
2454,501,1354
2455,117,3323
2456,386,3879
2457,344,890
2458,584,3855
2459,395,925
2460,64,2171
2461,717,1903
2462,721,4874
2463,72,2396
2464,789,29
2465,274,35
2466,990,3590
2467,320,2671
2468,338,3366
2469,366,589
2470,495,3219
2471,607,3139
2472,166,904
2473,544,4087
2474,11,2170
2475,301,340
2476,729,4271
2477,801,1715
2478,102,4693
2479,425,4547
2480,392,557
2481,779,3088
2482,214,3267
2483,691,3568
2484,88,2057
2485,553,3900
2486,401,1017
2487,588,2063
2488,889,839
2489,46,1638
2490,672,4322
2491,463,3497
2492,592,1814
2493,310,3480
2494,86,1452
2495,92,2314
2496,660,1515
2497,673,1232
2498,714,1646
2499,936,3000
2500,928,3441
2501,242,4057
2502,865,306
2503,2,3537
2504,225,1724
2505,801,1690
2506,745,1518
2507,973,3918
2508,926,420
2509,929,2937
2510,589,3863
2511,116,4230
2512,666,1451
2513,918,3097
2514,103,3262
2515,194,1165
2516,166,1870
2517,871,1820
2518,90,2706
2519,686,3516
2520,122,1343
2521,143,2227
2522,994,1080
2523,106,4207
2524,887,4564
2525,428,2780
2526,305,2529
2527,872,814
2528,971,2032
2529,317,323
2530,963,2970
2531,635,904
2532,902,1542
2533,9,3504
2534,774,2654
2535,73,2477
2536,359,3341
2537,223,4244
2538,416,1142
2539,553,850
2540,370,367
2541,716,2898
2542,264,1090
2543,840,4042
2544,690,2039
2545,860,2861
2546,318,4271
2547,84,1855
2548,318,4684
2549,111,495
2550,251,3183
2551,383,1785
2552,7,3511
2553,459,3787
2554,84,4131
2555,208,999
2556,900,4470
2557,390,1452
2558,314,1752
2559,22,2281
2560,410,4801
2561,895,4659
2562,515,2935
2563,127,3735
2564,809,3347
2565,700,1874
2566,874,4535
2567,14,3804
2568,971,1980
2569,978,699
2570,12,1313
2571,87,2963
2572,524,2939
2573,909,4788
2574,537,2301
2575,301,3198
2576,243,127
2577,122,1192
2578,147,2640
2579,567,4390
2580,750,3917
2581,356,1367
2582,685,1020
2583,904,4080
2584,733,4515
2585,631,4540
2586,309,685
2587,695,3630
2588,288,2888
2589,307,1463
2590,812,4087
2591,594,2262
2592,966,4181
2593,914,2842
2594,723,1768
2595,662,4181
2596,549,3561
2597,352,2113
2598,312,4759
2599,873,627
2600,59,4160
2601,643,3415
2602,924,1376
2603,714,1182
2604,755,491
2605,35,3730
2606,445,3535
2607,93,3297
2608,950,1941
2609,959,4409
2610,207,1883
2611,353,4909
2612,903,2988
2613,332,3160
2614,817,4776
2615,862,4531
2616,725,682
2617,159,1074
2618,954,2388
2619,957,2395
2620,24,2694
2621,404,1371
2622,805,4745
2623,516,4341
2624,732,2157
2625,364,2581
2626,382,4392
2627,532,2160
2628,956,3249
2629,152,3732
2630,562,3830
2631,689,1628
2632,947,3473
2633,608,28
2634,617,1986
2635,420,4154
2636,250,1522
2637,117,297
2638,866,2182
2639,512,3403
2640,740,2297
2641,578,2598
2642,335,902
2643,418,1099
2644,932,1678
2645,774,2882
2646,295,4867
2647,938,1379
2648,755,1249
2649,371,3736
2650,186,4242
2651,246,1265
2652,637,1908
2653,268,1059
2654,643,2750
2655,237,2049
2656,530,4249
2657,552,2477
2658,21,4017
2659,911,4604
2660,737,3198
2661,867,4587
2662,794,3554
2663,520,4441
2664,100,1762
2665,752,221
2666,478,4819
2667,599,4624
2668,298,2889
2669,940,1665
2670,526,3987
2671,334,4577
2672,2,2978
2673,375,1872
2674,293,1463
2675,837,345
2676,934,45
2677,553,2069
2678,318,1515
2679,502,2599
2680,828,1002
2681,381,1034
2682,623,2041
2683,14,274
2684,504,2648
2685,231,1780
2686,985,4477
2687,84,479
2688,130,516
2689,743,4287
2690,838,1192
2691,145,2669
2692,891,1412
2693,857,3281
2694,28,272
2695,66,143
2696,163,3333
2697,229,788
2698,261,1682
2699,449,623
2700,424,3842
2701,460,3677
2702,952,2573
2703,676,3261
2704,301,4713
2705,919,67
2706,303,4287
2707,287,4617
2708,395,1141
2709,10,2315
2710,707,2533
2711,630,3581
2712,270,1188
2713,592,4472
2714,970,4749
2715,605,3340
2716,778,549
2717,844,4088
2718,862,73
2719,361,199
2720,257,3202
2721,133,1782
2722,276,572
2723,776,791
2724,683,1639
2725,972,1832
2726,513,1856
2727,313,1175
2728,576,3741
2729,886,3278
2730,980,179
2731,284,2245
2732,121,4087
2733,107,735
2734,933,799
2735,687,788
2736,997,2796
2737,204,4305
2738,165,4589
2739,305,3085
2740,497,2919
2741,632,732
2742,556,1130
2743,824,3447
2744,156,1606
2745,367,3779
2746,719,2746
2747,902,3171
2748,620,4690
2749,251,2934
2750,957,1216
2751,916,325
2752,882,1851
2753,334,1491
2754,642,894
2755,969,1391
2756,511,3390
2757,293,4240
2758,20,4480
2759,282,2264
2760,797,3433
2761,1,2372
2762,119,3087
2763,35,4313
2764,198,1516
2765,485,2918
2766,757,2353
2767,59,1168
2768,837,111
2769,161,4328
2770,691,3656
2771,206,3794
2772,12,1756
2773,490,1578
2774,276,1297
2775,693,3775
2776,242,2221
2777,216,973
2778,251,1031
2779,811,2594
2780,126,3993
2781,994,4614
2782,217,914
2783,306,2182
2784,797,3198
2785,185,1463
2786,39,2379
2787,223,3455
2788,184,3554
2789,495,1308
2790,427,4995
2791,178,1190
2792,919,688
2793,428,4662
2794,294,1208
2795,852,1895
2796,151,4923
2797,384,1812
2798,638,3184
2799,813,3798
2800,308,1645
2801,336,3969
2802,946,2717
2803,746,191
2804,892,1336
2805,375,4804
2806,8,3107
2807,341,379
2808,129,4483
2809,776,3830
2810,669,616
2811,352,2331
2812,358,1755
2813,517,464
2814,495,967
2815,86,4268
2816,175,3159
2817,802,3625
2818,193,4939
2819,311,690
2820,119,2623
2821,218,2213
2822,427,383
2823,970,2257
2824,414,3811
2825,114,3504
2826,978,1413
2827,145,1584
2828,538,372
2829,648,611
2830,303,116
2831,744,447
2832,881,1392
2833,588,3325
2834,987,1341
2835,840,4511
2836,345,2940
2837,814,3700
2838,964,1074
2839,801,4814
2840,1,3570
2841,147,3151
2842,287,1606
2843,976,4658
2844,654,2295
2845,53,3663
2846,304,4483
2847,69,4798
2848,361,984
2849,602,352
2850,958,1725
2851,220,1952
2852,962,1280
2853,704,1908
2854,966,4849
2855,575,1025
2856,585,546
2857,161,4175
2858,681,2382
2859,89,889
2860,688,1106
2861,781,2550
2862,585,1991
2863,757,3999
2864,589,3776
2865,159,2813
2866,489,921
2867,971,4646
2868,324,2062
2869,610,4488
2870,381,3640
2871,102,3166
2872,494,4436
2873,644,2645
2874,614,4853
2875,19,1046
2876,454,3557
2877,482,2682
2878,594,3200
2879,397,939
2880,279,4944
2881,851,442
2882,365,2551
2883,331,4226
2884,641,597
2885,344,1506
2886,822,862
2887,455,2641
2888,601,3732
2889,725,1552
2890,655,3237
2891,65,1737
2892,76,1450
2893,711,265
2894,143,2660
2895,917,2722
2896,915,1463
2897,828,4253
2898,605,1446
2899,473,2299
2900,417,2926
2901,305,1633
2902,736,2375
2903,497,4991
2904,291,513
2905,940,216
2906,102,3332
2907,986,2173
2908,267,3154
2909,867,1707
2910,968,2107
2911,622,1568
2912,974,2209
2913,842,2332
2914,962,2154
2915,942,1129
2916,777,3511
2917,3,4324
2918,85,3654
2919,794,2366
2920,328,4898
2921,816,2922
2922,450,4568
2923,454,1080
2924,924,3512
2925,629,2742
2926,221,3021
2927,154,229
2928,665,171
2929,12,295
2930,133,4285
2931,994,426
2932,304,919
2933,293,3254
2934,975,499
2935,300,2810
2936,740,4962
2937,783,826
2938,43,3780
2939,944,1859
2940,343,2119
2941,326,146
2942,814,4566
2943,498,3578
2944,364,193
2945,891,3889
2946,427,52
2947,21,2411
2948,407,1821
2949,619,2965
2950,336,2522
2951,815,1870
2952,117,2569
2953,124,1868
2954,399,2739
2955,793,3270
2956,804,3200
2957,715,2580
2958,51,4006
2959,783,4936
2960,324,241
2961,789,3441
2962,141,4632
2963,470,1408
2964,787,3503
2965,802,4039
2966,334,83
2967,893,3769
2968,964,951
2969,373,611
2970,564,4670
2971,494,3606
2972,539,4555
2973,669,3284
2974,751,2174
2975,156,3485
2976,291,1523
2977,648,2602
2978,144,2658
2979,106,2160
2980,420,2450
2981,670,3831
2982,658,122
2983,2,4369
2984,945,1318
2985,589,4494
2986,644,2519
2987,90,1231
2988,345,1134
2989,350,1302
2990,459,4035
2991,263,1911
2992,351,1506
2993,108,3186
2994,586,1917
2995,39,4916
2996,909,3549
2997,159,2758
2998,583,1957
2999,959,179
3000,312,897
3001,241,1552
3002,938,492
3003,445,61
3004,298,1078
3005,952,2896
3006,36,4161
3007,84,3684
3008,452,586
3009,886,3961
3010,775,3771
3011,822,535
3012,385,3463
3013,172,4012
3014,376,3399
3015,685,2156
3016,362,1005
3017,559,2500
3018,891,327
3019,141,4704
3020,887,2707
3021,918,2
3022,118,1034
3023,277,2482
3024,726,125
3025,220,1105
3026,905,2700
3027,26,1862
3028,521,2921
3029,783,129
3030,10,438
3031,984,4847
3032,378,2549
3033,633,3130
3034,637,1222
3035,682,902
3036,584,3169
3037,152,4487
3038,720,3919
3039,49,1068
3040,154,27
3041,859,548
3042,293,2669
3043,580,567
3044,50,704
3045,664,4281
3046,531,3141
3047,612,1591
3048,60,4944
3049,167,4695
3050,202,806
3051,857,3792
3052,146,1358
3053,915,3226
3054,676,3619
3055,970,2127
3056,993,2461
3057,439,546
3058,242,2729
3059,581,3735
3060,687,2563
3061,561,2080
3062,483,2642
3063,108,3115
3064,226,1927
3065,673,617
3066,631,3645
3067,661,1204
3068,977,1760
3069,662,2566
3070,432,3175
3071,805,3082
3072,655,2631
3073,419,3162
3074,988,4322
3075,455,670
3076,160,3169
3077,523,2122
3078,650,4079
3079,969,4152
3080,590,720
3081,77,2601
3082,509,3599
3083,441,4670
3084,254,667
3085,921,284
3086,770,3904
3087,320,3566
3088,803,2235
3089,263,4594
3090,597,1466
3091,658,130
3092,835,4735
3093,554,2061
3094,374,3673
3095,637,2495
3096,167,993
3097,937,2122
3098,753,2585
3099,459,4197
3100,999,2224
3101,280,4523
3102,700,3189
3103,302,3238
3104,531,4137
3105,580,4525
3106,218,344
3107,102,4462
3108,554,4705
3109,288,4824
3110,167,2277
3111,621,4921
3112,36,3202
3113,744,889
3114,741,2044
3115,353,1342
3116,676,3721
3117,899,2884
3118,73,4213
3119,648,2416
3120,353,1118
3121,891,4264
3122,70,3002
3123,425,1739
3124,999,1365
3125,708,2709
3126,781,4791
3127,561,925
3128,828,152
3129,642,586
3130,956,913
3131,517,2322
3132,428,496
3133,539,3796
3134,160,2149
3135,149,557
3136,776,1553
3137,230,2121
3138,712,3086
3139,562,3505
3140,67,157
3141,812,735
3142,381,4655
3143,58,3277
3144,259,155
3145,342,997
3146,838,2295
3147,130,4627
3148,727,2906
3149,172,4825
3150,770,1178
3151,614,154
3152,209,4188
3153,803,1717
3154,354,3203
3155,471,2858
3156,798,787
3157,116,4369
3158,264,4273
3159,662,3768
3160,812,2879
3161,442,643
3162,548,4663
3163,453,666
3164,845,3427
3165,477,3784
3166,287,3702
3167,303,1070
3168,311,2350
3169,208,4504
3170,618,1213
3171,446,1153
3172,670,2512
3173,633,144
3174,55,2490
3175,912,3229
3176,12,4583
3177,657,4956
3178,400,3206
3179,908,4244
3180,648,3143
3181,980,3305
3182,515,1358
3183,656,2714
3184,542,4186
3185,237,1358
3186,279,4295
3187,348,4634
3188,627,3193
3189,104,301
3190,630,724
3191,517,3011
3192,980,68
3193,872,3837
3194,248,3994
3195,364,2507
3196,321,1538
3197,633,398
3198,286,4716
3199,149,3358
3200,84,1164
3201,966,4826
3202,406,556
3203,978,3662
3204,456,1752
3205,743,2942
3206,800,2658
3207,161,2796
3208,784,2330
3209,460,1960
3210,550,1602
3211,500,2794
3212,738,1481
3213,509,1103
3214,654,3277
3215,804,1300
3216,481,4995
3217,663,3880
3218,114,1536
3219,749,78
3220,578,2832
3221,361,3411
3222,341,2722
3223,770,3628
3224,987,1533
3225,761,238
3226,969,1997
3227,449,3428
3228,843,278
3229,835,3090
3230,180,524
3231,702,4276
3232,407,4219
3233,666,3123
3234,196,4576
3235,466,1798
3236,311,2132
3237,262,816
3238,419,2695
3239,406,443
3240,939,3141
3241,143,143
3242,342,4288
3243,316,1411
3244,101,4474
3245,244,535
3246,490,1717
3247,12,3365
3248,239,1033
3249,561,3343
3250,42,1411
3251,678,4501
3252,594,1173
3253,429,889
3254,803,3339
3255,158,4518
3256,216,1642
3257,670,472
3258,462,2941
3259,134,547
3260,67,4727
3261,848,3598
3262,7,2826
3263,948,3724
3264,526,364
3265,73,2167
3266,399,3310
3267,405,546
3268,675,3241
3269,578,4730
3270,859,1937
3271,130,963
3272,931,3006
3273,466,3807
3274,206,883
3275,788,3841
3276,978,871
3277,768,4612
3278,266,2986
3279,537,866
3280,962,4310
3281,793,3204
3282,253,2898
3283,822,2245
3284,289,19
3285,164,642
3286,95,3084
3287,782,330
3288,833,866
3289,110,774
3290,336,4488
3291,822,4733
3292,238,2355
3293,381,3339
3294,436,3519
3295,899,2943
3296,483,2568
3297,937,1675
3298,902,2684
3299,25,3381
3300,653,740
3301,117,1546
3302,482,4565
3303,392,2260
3304,917,1136
3305,994,874
3306,964,4556
3307,537,2301
3308,79,752
3309,580,854
3310,173,3733
3311,956,2284
3312,12,1330
3313,800,478
3314,128,2727
3315,608,3092
3316,92,4231
3317,653,4506
3318,543,1270
3319,846,4182
3320,532,2604
3321,658,1470
3322,989,378
3323,828,1681
3324,447,242
3325,390,920
3326,672,70
3327,861,3925
3328,43,2087
3329,254,2008
3330,130,801
3331,60,2780
3332,663,4921
3333,467,756
3334,287,1996
3335,517,1322
3336,467,2331
3337,930,110
3338,778,1017
3339,345,3866
3340,642,25
3341,382,4939
3342,779,2839
3343,690,738
3344,253,180
3345,927,232
3346,56,1918
3347,463,343
3348,457,4573
3349,983,2624
3350,83,455
3351,905,4385
3352,99,4626
3353,149,2277
3354,329,596
3355,156,3875
3356,190,4531
3357,494,4978
3358,883,4498
3359,263,2670
3360,80,2136
3361,400,3965
3362,764,1566
3363,609,309
3364,260,343
3365,772,436
3366,615,177
3367,552,139
3368,785,194
3369,101,3258
3370,359,3236
3371,380,943
3372,820,4621
3373,221,3880
3374,820,3114
3375,420,2963
3376,124,4837
3377,422,4958
3378,231,954
3379,690,1303
3380,63,3382
3381,485,2881
3382,628,2188
3383,703,4888
3384,574,546
3385,768,1928
3386,483,4153
3387,519,5
3388,155,3482
3389,92,3254
3390,982,1363
3391,526,1821
3392,455,2664
3393,741,2939
3394,598,1274
3395,645,3327
3396,510,3660
3397,183,2946
3398,386,3019
3399,574,1132
3400,731,4764
3401,405,2637
3402,246,3030
3403,742,3020
3404,591,4378
3405,661,3160
3406,650,254
3407,471,329
3408,826,2592
3409,888,2831
3410,423,3045
3411,901,1421
3412,65,3402
3413,13,2893
3414,213,655
3415,986,760
3416,242,1799
3417,493,2972
3418,213,4512
3419,693,3427
3420,338,255
3421,997,3824
3422,173,1877
3423,672,2758
3424,164,2625
3425,465,4996
3426,995,4122
3427,497,3005
3428,700,4517
3429,395,3735
3430,703,1245
3431,917,1009
3432,308,4315
3433,768,1511
3434,183,1960
3435,629,2509
3436,794,4759
3437,510,2683
3438,708,990
3439,546,4285
3440,564,255
3441,624,4164
3442,764,4712
3443,594,4970
3444,744,4453
3445,227,256
3446,745,1008
3447,733,1756
3448,436,2572
3449,925,3909
3450,422,2998
3451,554,2804
3452,21,3766
3453,554,4380
3454,397,3384
3455,625,99
3456,105,197
3457,192,2530
3458,17,878
3459,120,1869
3460,393,2666
3461,425,1389
3462,129,2416
3463,130,570
3464,572,2638
3465,560,1066
3466,29,422
3467,97,2884
3468,10,1205
3469,242,545
3470,826,4167
3471,956,3640
3472,232,1224
3473,789,3173
3474,284,768
3475,715,3658
3476,759,655
3477,802,2447
3478,776,221
3479,955,3667
3480,726,4278
3481,200,4403
3482,945,2570
3483,79,1014
3484,913,2052
3485,956,3986
3486,855,4944
3487,856,4900
3488,173,4311
3489,467,3020
3490,581,3682
3491,416,1444
3492,940,4197
3493,449,3011
3494,87,573
3495,101,1333
3496,8,4754
3497,845,4003
3498,200,3135
3499,505,4087
3500,87,226
3501,43,4201
3502,385,1998
3503,621,772
3504,435,4525
3505,408,434
3506,483,3100
3507,664,2730
3508,17,3408
3509,645,3141
3510,148,866
3511,277,2794
3512,232,2912
3513,826,2416
3514,927,251
3515,366,4952
3516,228,3758
3517,651,4657
3518,436,919
3519,399,1174
3520,211,3204
3521,391,433
3522,499,836
3523,540,2247
3524,563,2263
3525,491,898
3526,442,3633
3527,261,4568
3528,773,3816
3529,350,247
3530,352,2430
3531,520,991
3532,320,3311
3533,138,927
3534,550,3439
3535,623,2608
3536,992,1075
3537,368,4023
3538,220,3800
3539,337,4785
3540,223,3152
3541,648,3439
3542,768,4574
3543,360,3492
3544,921,707
3545,329,3065
3546,962,754
3547,463,588
3548,946,1335
3549,963,1848
3550,561,3935
3551,804,3927
3552,382,3318
3553,836,4021
3554,590,3156
3555,617,4303
3556,169,2199
3557,217,165
3558,378,1999
3559,119,3058
3560,190,2085
3561,767,4429
3562,370,403
3563,778,414
3564,149,45
3565,676,4158
3566,652,2468
3567,859,868
3568,488,19
3569,770,365
3570,374,3833
3571,781,580
3572,693,546
3573,160,4151
3574,351,4874
3575,912,3040
3576,288,4138
3577,288,4045
3578,892,4327
3579,226,453
3580,523,3962
3581,522,1382
3582,783,1468
3583,273,2739
3584,936,1217
3585,402,881
3586,183,3815
3587,969,3150
3588,665,85
3589,488,4145
3590,827,1169
3591,846,4165
3592,124,3130
3593,985,3646
3594,626,2527
3595,790,2868
3596,414,3517
3597,980,3368
3598,725,2195
3599,172,3556
3600,288,446
3601,435,3627
3602,686,4017
3603,113,3876
3604,888,3338
3605,917,262
3606,995,1849
3607,122,4993
3608,544,4026
3609,222,2267
3610,631,92
3611,39,4223
3612,497,4176
3613,780,3310
3614,233,983
3615,943,3444
3616,530,2534
3617,149,694
3618,397,4121
3619,661,156
3620,638,3589
3621,904,1813
3622,302,4115
3623,360,1408
3624,238,1217
3625,647,1411
3626,663,3498
3627,236,4373
3628,736,4841
3629,203,552
3630,256,3395
3631,598,1177
3632,662,4735
3633,235,4333
3634,345,998
3635,534,4077
3636,860,2732
3637,797,3938
3638,781,4053
3639,466,373
3640,770,2249
3641,541,849
3642,213,2557
3643,463,2323
3644,436,504
3645,283,3190
3646,562,703
3647,607,3626
3648,463,315
3649,407,2377
3650,88,1041
3651,44,4379
3652,461,2991
3653,278,258
3654,683,575
3655,421,4670
3656,701,1553
3657,353,4519
3658,696,758
3659,515,2811
3660,703,1105
3661,630,4525
3662,19,3460
3663,23,3993
3664,413,204
3665,30,2776
3666,807,2333
3667,108,1993
3668,367,2244
3669,281,307
3670,128,1688
3671,229,4110
3672,111,1861
3673,136,1962
3674,362,723
3675,186,780
3676,656,529
3677,584,4894
3678,129,344
3679,876,3787
3680,261,3683
3681,515,209
3682,449,4737
3683,900,3407
3684,104,1312
3685,483,2300
3686,224,3337
3687,832,1948
3688,874,920
3689,866,2045
3690,491,419
3691,473,1750
3692,10,2843
3693,405,1100
3694,896,3393
3695,302,2773
3696,231,2481
3697,731,1546
3698,923,1071
3699,66,1851
3700,937,4199
3701,112,2940
3702,13,1904
3703,393,679
3704,500,989
3705,932,2476
3706,598,1608
3707,234,2870
3708,602,1503
3709,314,1790
3710,566,1426
3711,12,2441
3712,209,2043
3713,974,1279
3714,14,2595
3715,633,4690
3716,418,2437
3717,437,3804
3718,377,2206
3719,20,1028
3720,587,3540
3721,912,3484
3722,755,2242
3723,735,2766
3724,70,1174
3725,824,3231
3726,211,3351
3727,101,4912
3728,698,404
3729,132,4989
3730,623,2726
3731,381,3383
3732,132,4164
3733,20,88
3734,906,1159
3735,536,4274
3736,227,2858
3737,154,1382
3738,805,4682
3739,742,2065
3740,469,2375
3741,822,318
3742,871,1503
3743,405,2043
3744,202,4599
3745,38,2023
3746,942,119
3747,772,710
3748,188,3558
3749,57,4141
3750,941,4410
3751,20,3251
3752,273,418
3753,119,2604
3754,583,3855
3755,516,1102
3756,221,4422
3757,526,3429
3758,515,2262
3759,728,4170
3760,741,3635
3761,336,509
3762,698,2380
3763,55,3165
3764,500,688
3765,900,4753
3766,888,1293
3767,766,3906
3768,536,3076
3769,162,3210
3770,670,325
3771,594,1994
3772,915,3977
3773,159,4813
3774,188,2771
3775,60,4373
3776,915,2584
3777,817,3558
3778,319,3588
3779,878,152
3780,211,955
3781,406,4355
3782,664,2372
3783,109,4965
3784,76,1192
3785,542,688
3786,314,310
3787,998,1503
3788,117,3128
3789,927,4569
3790,868,3368
3791,704,3396
3792,19,814
3793,432,846
3794,685,1165
3795,740,4763
3796,350,1768
3797,183,355
3798,113,1873
3799,183,2025
3800,481,2818
3801,146,3833
3802,831,4276
3803,628,66
3804,113,4916
3805,763,4267
3806,476,4091
3807,763,2522
3808,303,2582
3809,971,1391
3810,825,1131
3811,118,2487
3812,813,835
3813,161,227
3814,401,3516
3815,198,4538
3816,260,2444
3817,660,728
3818,752,3687
3819,47,3623
3820,987,1037
3821,399,1833
3822,710,2741
3823,559,493
3824,78,1549
3825,124,1144
3826,75,3958
3827,871,3408
3828,137,640
3829,602,173
3830,400,4355
3831,837,3960
3832,505,517
3833,500,523
3834,573,1918
3835,138,2887
3836,50,2165
3837,771,1930
3838,973,3946
3839,619,2210
3840,625,3784
3841,862,2591
3842,254,4935
3843,630,4077
3844,710,1094
3845,849,3881
3846,877,2495
3847,563,2580
3848,757,2489
3849,915,2786
3850,426,2759
3851,547,1575
3852,302,2374
3853,922,3991
3854,581,4846
3855,349,1094
3856,832,1190
3857,933,2690
3858,980,4096
3859,49,1876
3860,917,3407
3861,74,1788
3862,704,3933
3863,261,1608
3864,356,3749
3865,582,49
3866,602,3862
3867,260,2181
3868,638,3047
3869,743,2834
3870,295,1398
3871,931,3827
3872,641,4575
3873,792,832
3874,313,2698
3875,612,4778
3876,838,2736
3877,809,82
3878,182,87
3879,686,2064
3880,828,822
3881,364,163
3882,188,3740
3883,569,2398
3884,543,1933
3885,596,2729
3886,664,3536
3887,985,3447
3888,548,2791
3889,725,2708
3890,926,3934
3891,408,3386
3892,876,923
3893,618,2176
3894,414,1583
3895,342,565
3896,220,3259
3897,903,2598
3898,163,2501
3899,951,4567
3900,220,988
3901,270,3637
3902,632,224
3903,906,351
3904,848,1929
3905,400,349
3906,182,4278
3907,991,4733
3908,618,1018
3909,729,2227
3910,205,4868
3911,582,4125
3912,556,2420
3913,841,1894
3914,813,3041
3915,228,2069
3916,696,1126
3917,619,3118
3918,596,4162
3919,850,4043
3920,250,4434
3921,875,2171
3922,441,447
3923,533,2659
3924,196,3363
3925,690,2719
3926,929,3484
3927,987,2945
3928,519,4377
3929,70,596
3930,639,1987
3931,399,2751
3932,978,1075
3933,672,3970
3934,760,4306
3935,203,4222
3936,148,4588
3937,472,3581
3938,655,3008
3939,944,970
3940,199,581
3941,917,2825
3942,426,4002
3943,666,1212
3944,492,230
3945,888,4285
3946,896,3186
3947,142,502
3948,313,2133
3949,165,49
3950,314,3567
3951,21,3056
3952,82,689
3953,581,387
3954,131,970
3955,599,3461
3956,730,1006
3957,933,3053
3958,984,3418
3959,305,2303
3960,915,2284
3961,371,1608
3962,857,4367
3963,853,123
3964,384,1281
3965,908,3728
3966,445,259
3967,425,948
3968,161,4959
3969,178,525
3970,629,888
3971,708,208
3972,895,3383
3973,490,2795
3974,327,149
3975,598,438
3976,289,2203
3977,593,3750
3978,664,3162
3979,573,3902
3980,573,4454
3981,354,3246
3982,28,4552
3983,954,2824
3984,43,4725
3985,681,3271
3986,423,486
3987,598,200
3988,177,4467
3989,529,1983
3990,610,1472
3991,966,4344
3992,494,4884
3993,198,2312
3994,610,3374
3995,577,2079
3996,842,1522
3997,853,605
3998,517,3849
3999,514,3343
4000,22,1418
4001,112,4598
4002,57,3876
4003,66,2934
4004,842,549
4005,98,839
4006,144,3816
4007,880,848
4008,435,4710
4009,637,4508
4010,679,4774
4011,86,4255
4012,588,4469
4013,344,2273
4014,936,3321
4015,294,2559
4016,956,4699
4017,571,4312
4018,650,1997
4019,611,3674
4020,704,1565
4021,243,4019
4022,831,1841
4023,561,3292
4024,960,2888
4025,32,727
4026,391,1245
4027,277,3461
4028,532,3719
4029,154,1066
4030,383,4772
4031,68,283
4032,878,1082
4033,884,3886
4034,214,2882
4035,655,2585
4036,376,2971
4037,744,1153
4038,213,3498
4039,79,948
4040,726,4761
4041,628,1718
4042,604,67
4043,782,637
4044,923,314
4045,381,3398
4046,680,565
4047,58,1602
4048,796,826
4049,26,3671
4050,881,1026
4051,447,2252
4052,66,4758
4053,921,805
4054,760,2452
4055,254,4632
4056,899,1392
4057,968,1236
4058,44,4033
4059,97,3281
4060,554,4724
4061,227,4845
4062,774,3550
4063,679,4201
4064,436,4142
4065,791,1355
4066,601,1837
4067,379,2893
4068,178,2497
4069,427,2584
4070,915,2559
4071,709,3619
4072,307,1560
4073,779,1508
4074,504,4072
4075,268,2064
4076,586,3643
4077,8,2001
4078,920,1295
4079,508,4066
4080,476,2753
4081,297,1754
4082,164,4211
4083,485,1604
4084,597,1323
4085,72,2442
4086,567,1099
4087,905,1506
4088,559,1127
4089,911,297
4090,944,3050
4091,238,2226
4092,104,4355
4093,210,3788
4094,554,2097
4095,828,3610
4096,468,2209
4097,454,176
4098,268,2503
4099,386,4000
4100,775,1668
4101,848,4372
4102,387,2546
4103,877,676
4104,259,1824
4105,283,1357
4106,626,3073
4107,875,3260
4108,40,547
4109,486,2084
4110,929,2041
4111,220,4535
4112,129,1753
4113,520,1616
4114,613,1850
4115,928,2643
4116,892,1601
4117,688,3397
4118,619,4403
4119,613,3606
4120,260,3800
4121,990,619
4122,966,1133
4123,366,2116
4124,758,2340
4125,787,2740
4126,544,4277
4127,649,1488
4128,524,1558
4129,907,2114
4130,814,1045
4131,887,2432
4132,16,1583
4133,129,1309
4134,575,4918
4135,109,602
4136,887,1621
4137,533,4881
4138,670,4767
4139,269,101
4140,162,4272
4141,260,238
4142,924,4026
4143,102,2919
4144,506,2543
4145,735,2004
4146,571,1538
4147,247,755
4148,640,3369
4149,795,2259
4150,837,3666
4151,537,4236
4152,131,541
4153,353,270
4154,196,3461
4155,793,3409
4156,916,506
4157,930,1130
4158,666,2080
4159,382,3146
4160,645,3243
4161,227,4909
4162,701,362
4163,476,3721
4164,477,1457
4165,265,4068
4166,372,4196
4167,486,1682
4168,434,1053
4169,646,2510
4170,211,4728
4171,572,682
4172,940,3933
4173,377,2130
4174,395,4850
4175,450,4017
4176,943,3303
4177,364,720
4178,876,75
4179,457,1294
4180,725,1923
4181,728,4158
4182,226,4970
4183,982,320
4184,131,2150
4185,588,1453
4186,476,4970
4187,798,1556
4188,986,4208
4189,277,3033
4190,156,461
4191,760,887
4192,218,3534
4193,190,3937
4194,417,1116
4195,981,1076
4196,675,3877
4197,692,4616
4198,546,4908
4199,41,1925
4200,307,927
4201,943,4653
4202,338,2282
4203,314,1056
4204,75,4675
4205,953,542
4206,279,2162
4207,176,2252
4208,896,1053
4209,662,4570
4210,273,2745
4211,837,3870
4212,620,4482
4213,651,4158
4214,862,4611
4215,783,4526
4216,859,4676
4217,931,1561
4218,289,3763
4219,724,1165
4220,893,2723
4221,272,2359
4222,930,471
4223,66,1417
4224,483,1469
4225,936,809
4226,248,172
4227,156,4127
4228,47,4143
4229,935,4226
4230,454,2400
4231,201,1646
4232,660,58
4233,124,1130
4234,1,1354
4235,968,768
4236,759,3896
4237,855,683
4238,640,3455
4239,191,2009
4240,579,3143
4241,516,1791
4242,442,1478
4243,921,886
4244,815,3907
4245,806,4493
4246,143,1539
4247,191,2074
4248,533,313
4249,227,811
4250,313,2236
4251,629,2858
4252,949,2764
4253,302,2033
4254,654,1508
4255,996,4546
4256,460,2571
4257,401,1895
4258,551,2706
4259,393,597
4260,867,2148
4261,764,616
4262,845,948
4263,207,4652
4264,210,4374
4265,115,3765
4266,737,2014
4267,646,3698
4268,251,491
4269,219,4351
4270,407,2429
4271,443,4988
4272,603,542
4273,354,1288
4274,888,1634
4275,558,4921
4276,550,2927
4277,142,1353
4278,612,4377
4279,501,1299
4280,840,4869
4281,702,3968
4282,547,4424
4283,659,2259
4284,542,4648
4285,846,2074
4286,507,702
4287,596,1920
4288,881,2461
4289,281,4263
4290,424,4265
4291,856,4325
4292,270,367
4293,154,528
4294,614,4887
4295,727,3719
4296,662,3610
4297,944,3936
4298,83,4620
4299,622,2154
4300,947,1909
4301,899,3013
4302,426,4229
4303,275,3023
4304,713,3484
4305,284,2721
4306,980,1771
4307,173,4114
4308,327,1778
4309,718,4213
4310,63,798
4311,73,3216
4312,763,3789
4313,636,2977
4314,375,3738
4315,633,1712
4316,508,753
4317,787,2470
4318,943,3970
4319,398,1393
4320,120,2606
4321,934,678
4322,437,106
4323,829,3288
4324,676,4754
4325,936,1947
4326,465,1096
4327,286,1783
4328,265,4542
4329,320,3258
4330,673,1998
4331,376,4870
4332,820,1562
4333,89,4007
4334,654,1676
4335,203,1123
4336,821,3982
4337,739,1302
4338,955,944
4339,334,4551
4340,222,946
4341,41,601
4342,708,2701
4343,68,4821
4344,988,1418
4345,776,1525
4346,514,3767
4347,873,251
4348,637,1545
4349,622,79
4350,598,3124
4351,937,898
4352,632,4877
4353,127,226
4354,255,1210
4355,695,4899
4356,16,4838
4357,477,2179
4358,62,2680
4359,881,2886
4360,432,2807
4361,670,704
4362,268,2545
4363,35,2371
4364,779,3282
4365,576,4711
4366,494,329
4367,562,4229
4368,469,4931
4369,767,121
4370,661,965
4371,325,4225
4372,304,3676
4373,276,2077
4374,869,333
4375,963,3369
4376,684,1317
4377,929,1197
4378,201,3171
4379,445,1430
4380,905,356
4381,324,4235
4382,35,1527
4383,977,3898
4384,482,29
4385,728,1014
4386,480,2703
4387,65,828
4388,8,4447
4389,301,2025
4390,343,299
4391,431,1866
4392,424,4017
4393,332,2112
4394,438,755
4395,588,770
4396,174,3736
4397,559,1239
4398,527,4930
4399,873,2214
4400,659,1907
4401,26,1565
4402,820,1219
4403,605,4602
4404,406,1358
4405,232,3840
4406,533,1461
4407,819,3986
4408,550,1417
4409,788,2854
4410,505,4857
4411,669,4929
4412,179,1429
4413,132,4379
4414,823,4475
4415,455,4294
4416,348,3063
4417,540,3072
4418,772,556
4419,406,356
4420,76,1564
4421,941,3501
4422,579,1041
4423,854,2687
4424,492,4475
4425,194,4776
4426,984,2554
4427,162,1780
4428,347,4995
4429,951,76
4430,361,4327
4431,769,3320
4432,584,2350
4433,87,2774
4434,934,2263
4435,262,3230
4436,214,2117
4437,665,393
4438,722,1109
4439,913,4363
4440,573,611
4441,780,2776
4442,262,3999
4443,730,673
4444,283,3678
4445,648,31
4446,467,1401
4447,380,4072
4448,362,617
4449,449,4635
4450,441,2787
4451,93,871
4452,621,4197
4453,753,3605
4454,867,1413
4455,424,2740
4456,142,941
4457,291,341
4458,432,2909
4459,749,4134
4460,852,660
4461,824,2034
4462,689,1561
4463,653,3458
4464,701,1657
4465,998,2976
4466,49,1050
4467,302,454
4468,881,1705
4469,190,2785
4470,136,819
4471,555,4869
4472,404,13
4473,892,3980
4474,865,921
4475,602,4921
4476,807,2419
4477,341,1315
4478,757,3678
4479,945,2018
4480,704,1229
4481,318,4793
4482,618,2435
4483,363,2869
4484,822,2516
4485,382,1439
4486,233,4165
4487,777,3544
4488,344,3176
4489,549,1782
4490,817,2264
4491,553,1970
4492,529,212
4493,856,508
4494,789,332
4495,819,551
4496,571,942
4497,935,728
4498,183,4976
4499,41,2863
4500,551,3244
4501,397,649
4502,704,2738
4503,779,2748
4504,494,1010
4505,659,1551
4506,907,804
4507,333,4081
4508,127,4310
4509,558,4265
4510,557,3402
4511,1,4242
4512,168,4612
4513,620,3162
4514,19,4549
4515,332,4156
4516,584,528
4517,456,3299
4518,957,1024
4519,109,3735
4520,268,433
4521,445,1177
4522,240,401
4523,929,2105
4524,301,3051
4525,602,2234
4526,103,2446
4527,988,4701
4528,250,2836
4529,453,2514
4530,520,1774
4531,153,1097
4532,859,929
4533,174,1952
4534,343,1974
4535,670,1555
4536,431,2779
4537,727,4422
4538,689,995
4539,687,613
4540,852,2594
4541,850,596
4542,658,842
4543,962,4440
4544,324,859
4545,990,445
4546,673,1789
4547,639,4318
4548,420,3455
4549,594,3953
4550,485,4688
4551,659,1031
4552,751,1296
4553,412,2064
4554,936,1448
4555,84,2046
4556,113,4620
4557,737,2851
4558,332,3825
4559,378,2069
4560,755,3762
4561,655,2276
4562,41,1809
4563,935,1312
4564,770,4056
4565,959,2452
4566,797,1090
4567,105,1673
4568,202,3676
4569,450,4533
4570,819,4925
4571,843,4355
4572,973,2004
4573,266,4199
4574,910,4865
4575,210,1125
4576,563,1222
4577,118,2861
4578,713,2274
4579,377,2991
4580,551,2511
4581,540,237
4582,771,1145
4583,84,3254
4584,454,3783
4585,667,767
4586,629,2682
4587,514,2666
4588,605,1760
4589,678,3492
4590,387,2816
4591,912,3514
4592,350,496
4593,296,3181
4594,258,3931
4595,81,2073
4596,937,338
4597,268,3950
4598,419,3109
4599,235,1818
4600,833,137
4601,311,2556
4602,813,4416
4603,975,916
4604,986,3539
4605,357,2101
4606,213,2908
4607,574,2915
4608,49,1983
4609,127,3871
4610,223,4529
4611,921,3568
4612,279,999
4613,408,2148
4614,505,4695
4615,294,396
4616,796,3599
4617,277,4511
4618,438,939
4619,107,1637
4620,658,2725
4621,420,2511
4622,611,4637
4623,429,1650
4624,375,3691
4625,73,3436
4626,949,3202
4627,998,4180
4628,634,4367
4629,30,2292
4630,188,4484
4631,364,214
4632,866,3238
4633,800,3863
4634,451,59
4635,195,2931
4636,156,4939
4637,172,2972
4638,847,1528
4639,41,123
4640,63,3720
4641,23,1437
4642,360,1163
4643,75,3301
4644,560,3346
4645,672,2487
4646,825,562
